item,qty,spec,supplier,unit_cost_usd,make_buy,notes
1 Two-speed hand pump,1,"Hydraulic hand pump, two-speed, 700 bar (10,000 psi) rated with factory-set internal relief at 700 bar, about 900 cm3 usable oil, about 3.6 cm3 per stroke first stage and 0.9 cm3 second stage, for single-acting cylinders, with a 3/8 NPTF outlet; catalogue mass about 11 kg with oil","Industrial hydraulic tool distributor; at least two makers offer this class (for example Enerpac, SPX Power Team or Larzep class)",650.00,buy,Indicative price; R9 commodity part; mass and handle effort per catalogue to confirm when bought
2 Gauge adapter and pressure gauge,1,"Gauge adapter block with 3/8 NPTF ports, and a 63 mm glycerine-filled gauge reading 0 to 1,000 bar, both rated 700 bar working",Same distributor as item 1,180.00,buy,Indicative price for the pair; shows working pressure so the crew stays under 700 bar (R5)
3 Hoses with quick couplers,2,"Thermoplastic hydraulic hose 2 m, 6 mm bore, 700 bar working, at least 4 to 1 burst to working (2,800 bar burst), female coupler half on one end and male on the other, with dust caps; plus a coupler half and dust cap for each of the three cylinders",Same distributor as item 1,210.00,buy,Indicative price per hose including its share of the three cylinder coupler halves; burst ratio per maker's sheet to confirm when bought (R5)
4 Tilting saddle,1,"Tilting saddle for a 15 t cylinder, 60 mm face, 5 degrees tilt, stem to suit the plunger bore",Same distributor as item 1,60.00,buy,Indicative price; fits the lifting ram only
5 Single-acting cylinder 15 t,3,"Single-acting, spring-return hydraulic cylinder, 15 t (about 142 kN at 700 bar), 101 mm stroke, 20.3 cm2 effective area, about 70 mm body, collar thread about 71.4 mm (2 13/16 in, 12 UN class) over 40 mm, base mounting holes, plunger with an internal thread for attachments, coupler half fitted; collapsed length about 216 mm; about 5 kg",At least two makers offer this class (for example Enerpac RC-15x or SPX Power Team C-15 class),420.00,buy,"Indicative price each; one per tool so the tool change is only a coupler swap (RBJ-DDR-001, D2); collar thread, plunger thread and collapsed length to confirm when bought"
6 Collar adapter,2,"7075-T6 aluminium block 60 x 130 x 92 mm cut from 100 mm plate; collar thread 40 mm deep, body bore 72 mm; four M16 tapped holes 24 mm deep in each 130 x 60 face",Machine shop (local workshop),240.00,make,"Indicative price each including material, turning and threading; one for the spreader, one for the cutter (DWG-101)"
7 Spreader frame plate,2,"7075-T6 aluminium plate 10 mm, profile about 400 x 130 mm with a 110 mm pivot boss, 45.4 mm pivot bore, four 18 mm holes, 30 mm window",Waterjet or laser cutting service and machine shop,70.00,make,Indicative price each; reduced from 12 mm to 10 mm under the 2026-10-03 pre-approval (RBJ-DDR-002); DWG-102
8 Crosshead,1,"7075-T6 aluminium block 46 x 112 x 40 mm with two 16.5 mm link slots, two 25.4 mm pin bores and an M24 stud hole",Machine shop,90.00,make,Indicative price; DWG-103
9 Link,2,"S690QL (quenched and tempered high-strength) steel plate 16 mm, 194 mm long over the eyes, 44 mm eyes, two 25.4 mm bores at 150 mm centres",Laser cutting service and machine shop,40.00,make,Indicative price each; DWG-104
10 Jaw arm,2,"4340 steel plate 40 mm, quenched and tempered to about 300 HB, machined to 36 mm; profile 250 mm pivot to tip plus a 187 mm tail; 45.4 mm pivot bore, 25.4 mm tail pin bore, 16.5 mm link slot, 8 mm deep lightening pockets each face; one with the centre knuckle (A), one with twin knuckles (B); serrated tip faces",Waterjet cutting service and machine shop with heat treatment,450.00,make,Indicative price each; the most costly made part; DWG-105 and DWG-106
11 Pivot spacers,2,"7075-T6 aluminium tube or bar, 70 mm outside, 45.4 mm bore, 28 mm long",Machine shop,15.00,make,Indicative price each; DWG-107
12 Pins with washers and circlips,1,"Set: one main pivot pin 45 mm diameter, 18 mm bore, 120 mm under the head; four link pins 25 mm diameter (two 44 mm for the arm tails, two 48 mm for the crosshead, under the head), each with a head, washer and external circlip; 4340 steel bar, quenched and tempered to about 300 HB, ground",Machine shop,200.00,make,Indicative price for the set; DWG-108 and DWG-109
13 Carry handle,2,"Steel tube 26.9 x 3.2 mm, bent to a D handle 130 mm (spreader) or 110 mm (cutter) between posts, 70 mm tall, with an M12 threaded plug welded in each post foot",Fabrication shop,25.00,make,Indicative price each; one on each tool; DWG-110
14 Ram base plate,1,"S690QL steel plate 250 x 250 x 20 mm with two 24 x 90 mm hand slots; S355 ring 92 mm outside, 72 mm inside, 15 mm tall welded on the centre with low-hydrogen consumables and preheat per the plate maker's sheet",Fabrication shop,110.00,make,"Indicative price; 20 mm high-strength plate from RBJ-CAL-001 section E (RBJ-DDR-002); DWG-117"
15 Riser block,1,"S355 tube 88.9 x 10 mm, 150 mm long, welded between two 160 x 160 x 10 mm S355 plates; 70 mm spigot 12 mm tall under the bottom plate; 92/72 mm ring on the top plate; the tube wall stands over the base ring and under the cylinder base",Fabrication shop,120.00,make,Indicative price; goes under the cylinder only; DWG-118
16 M16 cap screws,26,"Socket head cap screw M16, class 12.9, black oxide; lengths per the build plan (30 to 45 mm); with hardened washers",Fastener supplier,2.50,buy,"Indicative price each; 8 spreader adapter screws; 16 cutter adapter, nose and stop screws; 2 moving blade screws"
17 Cutter plate,2,"S690QL steel plate 16 mm, 259 x 122 mm with a 30 mm open hook, 18 mm screw holes; the upper plate also has four 13.5 mm fixed blade holes and two 13.6 mm handle holes",Laser cutting service,90.00,make,Indicative price each; DWG-116
18 Blade carrier,1,"7075-T6 aluminium block 50 x 102 x 91 mm with an M24 stud hole and two counterbored 17 mm holes for the moving blade screws",Machine shop,120.00,make,Indicative price; DWG-111
19 Moving blade,1,"S7 shock-resisting tool steel, 70 x 70 x 45.5 mm, U notch 17 mm wide, two M16 tapped holes in the back face; hardened and tempered to 54 to 56 HRC; cutting edge ground square",Tool shop with heat treatment,220.00,make,Indicative price; DWG-112
20 Fixed blade,1,"S7 shock-resisting tool steel, 70.5 x 70 x 45.3 mm, U notch 17 mm wide, four M12 tapped holes 20 mm deep in the top face; hardened and tempered to 54 to 56 HRC",Tool shop with heat treatment,220.00,make,Indicative price; DWG-113
21 Nose block and stop bar,1,"Set: 7075-T6 aluminium nose block 30 x 90 x 92 mm with four M16 tapped holes; S355 steel stop bar 60 x 32 x 92 mm with four M16 tapped holes (two each face)",Machine shop,90.00,make,Indicative price for the set; the stop bar now has two screws in each plate (RBJ-DDR-002); DWG-114 and DWG-115
22 M24 studs,2,"Threaded stud M24, class 10.9, 50 mm, with thread-locking compound; thread to suit the cylinder plunger",Fastener supplier,10.00,buy,Indicative price each; holds the crosshead and the blade carrier on their plungers; plunger thread to confirm when bought
23 Carry bags,4,"Heavy nylon tool bag with shoulder strap and grab handles, about 0.8 kg, one per load: pump and hoses; spreader; cutter; lifting ram set",Outdoor or tool bag supplier,50.00,buy,Indicative price each; included in the carried-load masses (R6)
24 M12 cap screws,8,"Socket head cap screw M12, class 12.9, black oxide, with spring washers; four 35 mm for the fixed blade, four 20 mm for the two carry handles",Fastener supplier,1.20,buy,"Indicative price each; M12 on the fixed blade so the four heads, 20 mm apart, do not touch (RBJ-DDR-002)"
